IndicatorCode,Indicator,ValueType,ParentLocationCode,ParentLocation,Location type,SpatialDimValueCode,Location,Period type,Period,IsLatestYear,Dim1 type,Dim1,Dim1ValueCode,Dim2 type,Dim2,Dim2ValueCode,Dim3 type,Dim3,Dim3ValueCode,DataSourceDimValueCode,DataSource,FactValueNumericPrefix,FactValueNumeric,FactValueUoM,FactValueNumericLowPrefix,FactValueNumericLow,FactValueNumericHighPrefix,FactValueNumericHigh,Value,FactValueTranslationID,FactComments,Language,DateModified
MH_12,Age-standardized suicide rates (per 100 000 population),numeric,GLOBAL,Global,World Bank income group,WB_LI,Low-income,Year,2021,true,Sex,Both sexes,SEX_BTSX,,,,,,,,,,10.47,,,6.18,,16.38,10.5 [6.2-16.4],,,EN,2025-01-28T03:00:00.000Z
MH_12,Age-standardized suicide rates (per 100 000 population),numeric,GLOBAL,Global,World Bank income group,WB_HI,High-income,Year,2021,true,Sex,Both sexes,SEX_BTSX,,,,,,,,,,11.85,,,10.4,,12.95,11.8 [10.4-13.0],,,EN,2025-01-28T03:00:00.000Z
MH_12,Age-standardized suicide rates (per 100 000 population),numeric,GLOBAL,Global,World Bank income group,WB_LMI,Lower-middle-income,Year,2021,true,Sex,Male,SEX_MLE,,,,,,,,,,11.91,,,8.76,,15.6,11.9 [8.8-15.6],,,EN,2025-01-28T03:00:00.000Z
MH_12,Age-standardized suicide rates (per 100 000 population),numeric,GLOBAL,Global,World Bank income group,WB_LI,Low-income,Year,2021,true,Sex,Male,SEX_MLE,,,,,,,,,,16.24,,,9.84,,24.85,16.2 [9.8-24.8],,,EN,2025-01-28T03:00:00.000Z
MH_12,Age-standardized suicide rates (per 100 000 population),numeric,GLOBAL,Global,World Bank income group,WB_HI,High-income,Year,2021,true,Sex,Male,SEX_MLE,,,,,,,,,,18.06,,,15.86,,19.64,18.1 [15.9-19.6],,,EN,2025-01-28T03:00:00.000Z
MH_12,Age-standardized suicide rates (per 100 000 population),numeric,GLOBAL,Global,World Bank income group,WB_UMI,Upper-middle-income,Year,2021,true,Sex,Female,SEX_FMLE,,,,,,,,,,4.29,,,3.16,,5.77,4.3 [3.2-5.8],,,EN,2025-01-28T03:00:00.000Z
MH_12,Age-standardized suicide rates (per 100 000 population),numeric,GLOBAL,Global,World Bank income group,WB_LI,Low-income,Year,2021,true,Sex,Female,SEX_FMLE,,,,,,,,,,5.47,,,3,,8.96,5.5 [3.0-9.0],,,EN,2025-01-28T03:00:00.000Z
MH_12,Age-standardized suicide rates (per 100 000 population),numeric,GLOBAL,Global,World Bank income group,WB_HI,High-income,Year,2021,true,Sex,Female,SEX_FMLE,,,,,,,,,,5.62,,,4.87,,6.22,5.6 [4.9-6.2],,,EN,2025-01-28T03:00:00.000Z
MH_12,Age-standardized suicide rates (per 100 000 population),numeric,GLOBAL,Global,World Bank income group,WB_UMI,Upper-middle-income,Year,2021,true,Sex,Both sexes,SEX_BTSX,,,,,,,,,,6.95,,,5.27,,8.98,7.0 [5.3-9.0],,,EN,2025-01-28T03:00:00.000Z
MH_12,Age-standardized suicide rates (per 100 000 population),numeric,GLOBAL,Global,World Bank income group,WB_LMI,Lower-middle-income,Year,2021,true,Sex,Female,SEX_FMLE,,,,,,,,,,7.06,,,4.62,,9.37,7.1 [4.6-9.4],,,EN,2025-01-28T03:00:00.000Z
MH_12,Age-standardized suicide rates (per 100 000 population),numeric,GLOBAL,Global,World Bank income group,WB_LMI,Lower-middle-income,Year,2021,true,Sex,Both sexes,SEX_BTSX,,,,,,,,,,9.44,,,6.66,,12.43,9.4 [6.7-12.4],,,EN,2025-01-28T03:00:00.000Z
MH_12,Age-standardized suicide rates (per 100 000 population),numeric,GLOBAL,Global,World Bank income group,WB_UMI,Upper-middle-income,Year,2021,true,Sex,Male,SEX_MLE,,,,,,,,,,9.75,,,7.48,,12.32,9.7 [7.5-12.3],,,EN,2025-01-28T03:00:00.000Z
MH_12,Age-standardized suicide rates (per 100 000 population),numeric,GLOBAL,Global,World Bank income group,WB_LI,Low-income,Year,2020,false,Sex,Both sexes,SEX_BTSX,,,,,,,,,,10.3,,,6.11,,16.03,10.3 [6.1-16.0],,,EN,2025-01-28T03:00:00.000Z
MH_12,Age-standardized suicide rates (per 100 000 population),numeric,GLOBAL,Global,World Bank income group,WB_HI,High-income,Year,2020,false,Sex,Both sexes,SEX_BTSX,,,,,,,,,,11.66,,,10.38,,12.6,11.7 [10.4-12.6],,,EN,2025-01-28T03:00:00.000Z
MH_12,Age-standardized suicide rates (per 100 000 population),numeric,GLOBAL,Global,World Bank income group,WB_LMI,Lower-middle-income,Year,2020,false,Sex,Male,SEX_MLE,,,,,,,,,,12.62,,,9.27,,16.27,12.6 [9.3-16.3],,,EN,2025-01-28T03:00:00.000Z
MH_12,Age-standardized suicide rates (per 100 000 population),numeric,GLOBAL,Global,World Bank income group,WB_LI,Low-income,Year,2020,false,Sex,Male,SEX_MLE,,,,,,,,,,16.21,,,9.87,,24.59,16.2 [9.9-24.6],,,EN,2025-01-28T03:00:00.000Z
MH_12,Age-standardized suicide rates (per 100 000 population),numeric,GLOBAL,Global,World Bank income group,WB_HI,High-income,Year,2020,false,Sex,Male,SEX_MLE,,,,,,,,,,17.87,,,15.93,,19.2,17.9 [15.9-19.2],,,EN,2025-01-28T03:00:00.000Z
MH_12,Age-standardized suicide rates (per 100 000 population),numeric,GLOBAL,Global,World Bank income group,WB_UMI,Upper-middle-income,Year,2020,false,Sex,Female,SEX_FMLE,,,,,,,,,,4.12,,,3.06,,5.49,4.1 [3.1-5.5],,,EN,2025-01-28T03:00:00.000Z
MH_12,Age-standardized suicide rates (per 100 000 population),numeric,GLOBAL,Global,World Bank income group,WB_LI,Low-income,Year,2020,false,Sex,Female,SEX_FMLE,,,,,,,,,,5.27,,,2.9,,8.65,5.3 [2.9-8.7],,,EN,2025-01-28T03:00:00.000Z
MH_12,Age-standardized suicide rates (per 100 000 population),numeric,GLOBAL,Global,World Bank income group,WB_HI,High-income,Year,2020,false,Sex,Female,SEX_FMLE,,,,,,,,,,5.45,,,4.77,,5.97,5.5 [4.8-6.0],,,EN,2025-01-28T03:00:00.000Z
MH_12,Age-standardized suicide rates (per 100 000 population),numeric,GLOBAL,Global,World Bank income group,WB_LMI,Lower-middle-income,Year,2020,false,Sex,Female,SEX_FMLE,,,,,,,,,,6.77,,,4.42,,8.82,6.8 [4.4-8.8],,,EN,2025-01-28T03:00:00.000Z
MH_12,Age-standardized suicide rates (per 100 000 population),numeric,GLOBAL,Global,World Bank income group,WB_UMI,Upper-middle-income,Year,2020,false,Sex,Both sexes,SEX_BTSX,,,,,,,,,,6.87,,,5.29,,8.75,6.9 [5.3-8.8],,,EN,2025-01-28T03:00:00.000Z
MH_12,Age-standardized suicide rates (per 100 000 population),numeric,GLOBAL,Global,World Bank income group,WB_LMI,Lower-middle-income,Year,2020,false,Sex,Both sexes,SEX_BTSX,,,,,,,,,,9.63,,,6.8,,12.46,9.6 [6.8-12.5],,,EN,2025-01-28T03:00:00.000Z
MH_12,Age-standardized suicide rates (per 100 000 population),numeric,GLOBAL,Global,World Bank income group,WB_UMI,Upper-middle-income,Year,2020,false,Sex,Male,SEX_MLE,,,,,,,,,,9.78,,,7.66,,12.17,9.8 [7.7-12.2],,,EN,2025-01-28T03:00:00.000Z
MH_12,Age-standardized suicide rates (per 100 000 population),numeric,GLOBAL,Global,World Bank income group,WB_LI,Low-income,Year,2019,false,Sex,Both sexes,SEX_BTSX,,,,,,,,,,10.35,,,6.15,,16.15,10.3 [6.1-16.1],,,EN,2025-01-28T03:00:00.000Z
MH_12,Age-standardized suicide rates (per 100 000 population),numeric,GLOBAL,Global,World Bank income group,WB_LMI,Lower-middle-income,Year,2019,false,Sex,Both sexes,SEX_BTSX,,,,,,,,,,10.33,,,7.38,,13.19,10.3 [7.4-13.2],,,EN,2025-01-28T03:00:00.000Z
MH_12,Age-standardized suicide rates (per 100 000 population),numeric,GLOBAL,Global,World Bank income group,WB_HI,High-income,Year,2019,false,Sex,Both sexes,SEX_BTSX,,,,,,,,,,12,,,10.83,,12.82,12.0 [10.8-12.8],,,EN,2025-01-28T03:00:00.000Z
MH_12,Age-standardized suicide rates (per 100 000 population),numeric,GLOBAL,Global,World Bank income group,WB_LMI,Lower-middle-income,Year,2019,false,Sex,Male,SEX_MLE,,,,,,,,,,13.58,,,10.14,,17.26,13.6 [10.1-17.3],,,EN,2025-01-28T03:00:00.000Z
MH_12,Age-standardized suicide rates (per 100 000 population),numeric,GLOBAL,Global,World Bank income group,WB_LI,Low-income,Year,2019,false,Sex,Male,SEX_MLE,,,,,,,,,,16.18,,,9.87,,24.63,16.2 [9.9-24.6],,,EN,2025-01-28T03:00:00.000Z
MH_12,Age-standardized suicide rates (per 100 000 population),numeric,GLOBAL,Global,World Bank income group,WB_HI,High-income,Year,2019,false,Sex,Male,SEX_MLE,,,,,,,,,,18.52,,,16.72,,19.66,18.5 [16.7-19.7],,,EN,2025-01-28T03:00:00.000Z
MH_12,Age-standardized suicide rates (per 100 000 population),numeric,GLOBAL,Global,World Bank income group,WB_UMI,Upper-middle-income,Year,2019,false,Sex,Female,SEX_FMLE,,,,,,,,,,4.3,,,3.24,,5.64,4.3 [3.2-5.6],,,EN,2025-01-28T03:00:00.000Z
MH_12,Age-standardized suicide rates (per 100 000 population),numeric,GLOBAL,Global,World Bank income group,WB_LI,Low-income,Year,2019,false,Sex,Female,SEX_FMLE,,,,,,,,,,5.33,,,2.93,,8.74,5.3 [2.9-8.7],,,EN,2025-01-28T03:00:00.000Z
MH_12,Age-standardized suicide rates (per 100 000 population),numeric,GLOBAL,Global,World Bank income group,WB_HI,High-income,Year,2019,false,Sex,Female,SEX_FMLE,,,,,,,,,,5.5,,,4.87,,5.96,5.5 [4.9-6.0],,,EN,2025-01-28T03:00:00.000Z
MH_12,Age-standardized suicide rates (per 100 000 population),numeric,GLOBAL,Global,World Bank income group,WB_UMI,Upper-middle-income,Year,2019,false,Sex,Both sexes,SEX_BTSX,,,,,,,,,,7.01,,,5.48,,8.87,7.0 [5.5-8.9],,,EN,2025-01-28T03:00:00.000Z
MH_12,Age-standardized suicide rates (per 100 000 population),numeric,GLOBAL,Global,World Bank income group,WB_LMI,Lower-middle-income,Year,2019,false,Sex,Female,SEX_FMLE,,,,,,,,,,7.18,,,4.69,,9.27,7.2 [4.7-9.3],,,EN,2025-01-28T03:00:00.000Z
MH_12,Age-standardized suicide rates (per 100 000 population),numeric,GLOBAL,Global,World Bank income group,WB_UMI,Upper-middle-income,Year,2019,false,Sex,Male,SEX_MLE,,,,,,,,,,9.87,,,7.84,,12.27,9.9 [7.8-12.3],,,EN,2025-01-28T03:00:00.000Z
MH_12,Age-standardized suicide rates (per 100 000 population),numeric,GLOBAL,Global,World Bank income group,WB_LI,Low-income,Year,2018,false,Sex,Both sexes,SEX_BTSX,,,,,,,,,,10.46,,,6.23,,16.28,10.5 [6.2-16.3],,,EN,2025-01-28T03:00:00.000Z
MH_12,Age-standardized suicide rates (per 100 000 population),numeric,GLOBAL,Global,World Bank income group,WB_LMI,Lower-middle-income,Year,2018,false,Sex,Both sexes,SEX_BTSX,,,,,,,,,,10.59,,,7.6,,13.4,10.6 [7.6-13.4],,,EN,2025-01-28T03:00:00.000Z
MH_12,Age-standardized suicide rates (per 100 000 population),numeric,GLOBAL,Global,World Bank income group,WB_HI,High-income,Year,2018,false,Sex,Both sexes,SEX_BTSX,,,,,,,,,,12.28,,,11.13,,13.06,12.3 [11.1-13.1],,,EN,2025-01-28T03:00:00.000Z
MH_12,Age-standardized suicide rates (per 100 000 population),numeric,GLOBAL,Global,World Bank income group,WB_LMI,Lower-middle-income,Year,2018,false,Sex,Male,SEX_MLE,,,,,,,,,,13.8,,,10.42,,17.37,13.8 [10.4-17.4],,,EN,2025-01-28T03:00:00.000Z
MH_12,Age-standardized suicide rates (per 100 000 population),numeric,GLOBAL,Global,World Bank income group,WB_LI,Low-income,Year,2018,false,Sex,Male,SEX_MLE,,,,,,,,,,16.32,,,9.98,,24.72,16.3 [10.0-24.7],,,EN,2025-01-28T03:00:00.000Z
MH_12,Age-standardized suicide rates (per 100 000 population),numeric,GLOBAL,Global,World Bank income group,WB_HI,High-income,Year,2018,false,Sex,Male,SEX_MLE,,,,,,,,,,18.92,,,17.17,,20.01,18.9 [17.2-20.0],,,EN,2025-01-28T03:00:00.000Z
MH_12,Age-standardized suicide rates (per 100 000 population),numeric,GLOBAL,Global,World Bank income group,WB_UMI,Upper-middle-income,Year,2018,false,Sex,Female,SEX_FMLE,,,,,,,,,,4.32,,,3.27,,5.76,4.3 [3.3-5.8],,,EN,2025-01-28T03:00:00.000Z
MH_12,Age-standardized suicide rates (per 100 000 population),numeric,GLOBAL,Global,World Bank income group,WB_LI,Low-income,Year,2018,false,Sex,Female,SEX_FMLE,,,,,,,,,,5.41,,,2.98,,8.89,5.4 [3.0-8.9],,,EN,2025-01-28T03:00:00.000Z
MH_12,Age-standardized suicide rates (per 100 000 population),numeric,GLOBAL,Global,World Bank income group,WB_HI,High-income,Year,2018,false,Sex,Female,SEX_FMLE,,,,,,,,,,5.66,,,5.05,,6.1,5.7 [5.1-6.1],,,EN,2025-01-28T03:00:00.000Z
MH_12,Age-standardized suicide rates (per 100 000 population),numeric,GLOBAL,Global,World Bank income group,WB_UMI,Upper-middle-income,Year,2018,false,Sex,Both sexes,SEX_BTSX,,,,,,,,,,7,,,5.5,,8.82,7.0 [5.5-8.8],,,EN,2025-01-28T03:00:00.000Z
MH_12,Age-standardized suicide rates (per 100 000 population),numeric,GLOBAL,Global,World Bank income group,WB_LMI,Lower-middle-income,Year,2018,false,Sex,Female,SEX_FMLE,,,,,,,,,,7.48,,,4.87,,9.59,7.5 [4.9-9.6],,,EN,2025-01-28T03:00:00.000Z
MH_12,Age-standardized suicide rates (per 100 000 population),numeric,GLOBAL,Global,World Bank income group,WB_UMI,Upper-middle-income,Year,2018,false,Sex,Male,SEX_MLE,,,,,,,,,,9.83,,,7.87,,12.05,9.8 [7.9-12.1],,,EN,2025-01-28T03:00:00.000Z
MH_12,Age-standardized suicide rates (per 100 000 population),numeric,GLOBAL,Global,World Bank income group,WB_LI,Low-income,Year,2017,false,Sex,Both sexes,SEX_BTSX,,,,,,,,,,10.46,,,6.25,,16.26,10.5 [6.2-16.3],,,EN,2025-01-28T03:00:00.000Z
MH_12,Age-standardized suicide rates (per 100 000 population),numeric,GLOBAL,Global,World Bank income group,WB_LMI,Lower-middle-income,Year,2017,false,Sex,Both sexes,SEX_BTSX,,,,,,,,,,10.87,,,7.78,,13.6,10.9 [7.8-13.6],,,EN,2025-01-28T03:00:00.000Z
MH_12,Age-standardized suicide rates (per 100 000 population),numeric,GLOBAL,Global,World Bank income group,WB_HI,High-income,Year,2017,false,Sex,Both sexes,SEX_BTSX,,,,,,,,,,12.26,,,11.19,,13.01,12.3 [11.2-13.0],,,EN,2025-01-28T03:00:00.000Z
MH_12,Age-standardized suicide rates (per 100 000 population),numeric,GLOBAL,Global,World Bank income group,WB_LMI,Lower-middle-income,Year,2017,false,Sex,Male,SEX_MLE,,,,,,,,,,13.92,,,10.49,,17.37,13.9 [10.5-17.4],,,EN,2025-01-28T03:00:00.000Z
MH_12,Age-standardized suicide rates (per 100 000 population),numeric,GLOBAL,Global,World Bank income group,WB_LI,Low-income,Year,2017,false,Sex,Male,SEX_MLE,,,,,,,,,,16.29,,,9.99,,24.63,16.3 [10.0-24.6],,,EN,2025-01-28T03:00:00.000Z
MH_12,Age-standardized suicide rates (per 100 000 population),numeric,GLOBAL,Global,World Bank income group,WB_HI,High-income,Year,2017,false,Sex,Male,SEX_MLE,,,,,,,,,,18.96,,,17.32,,20,19.0 [17.3-20.0],,,EN,2025-01-28T03:00:00.000Z
MH_12,Age-standardized suicide rates (per 100 000 population),numeric,GLOBAL,Global,World Bank income group,WB_UMI,Upper-middle-income,Year,2017,false,Sex,Female,SEX_FMLE,,,,,,,,,,4.32,,,3.36,,5.66,4.3 [3.4-5.7],,,EN,2025-01-28T03:00:00.000Z
MH_12,Age-standardized suicide rates (per 100 000 population),numeric,GLOBAL,Global,World Bank income group,WB_LI,Low-income,Year,2017,false,Sex,Female,SEX_FMLE,,,,,,,,,,5.44,,,3,,8.93,5.4 [3.0-8.9],,,EN,2025-01-28T03:00:00.000Z
MH_12,Age-standardized suicide rates (per 100 000 population),numeric,GLOBAL,Global,World Bank income group,WB_HI,High-income,Year,2017,false,Sex,Female,SEX_FMLE,,,,,,,,,,5.58,,,5.01,,6.01,5.6 [5.0-6.0],,,EN,2025-01-28T03:00:00.000Z
MH_12,Age-standardized suicide rates (per 100 000 population),numeric,GLOBAL,Global,World Bank income group,WB_UMI,Upper-middle-income,Year,2017,false,Sex,Both sexes,SEX_BTSX,,,,,,,,,,6.98,,,5.62,,8.68,7.0 [5.6-8.7],,,EN,2025-01-28T03:00:00.000Z
MH_12,Age-standardized suicide rates (per 100 000 population),numeric,GLOBAL,Global,World Bank income group,WB_LMI,Lower-middle-income,Year,2017,false,Sex,Female,SEX_FMLE,,,,,,,,,,7.95,,,5.16,,10.01,7.9 [5.2-10.0],,,EN,2025-01-28T03:00:00.000Z
MH_12,Age-standardized suicide rates (per 100 000 population),numeric,GLOBAL,Global,World Bank income group,WB_UMI,Upper-middle-income,Year,2017,false,Sex,Male,SEX_MLE,,,,,,,,,,9.79,,,8.01,,11.88,9.8 [8.0-11.9],,,EN,2025-01-28T03:00:00.000Z
MH_12,Age-standardized suicide rates (per 100 000 population),numeric,GLOBAL,Global,World Bank income group,WB_LI,Low-income,Year,2016,false,Sex,Both sexes,SEX_BTSX,,,,,,,,,,10.43,,,6.26,,16.15,10.4 [6.3-16.2],,,EN,2025-01-28T03:00:00.000Z
MH_12,Age-standardized suicide rates (per 100 000 population),numeric,GLOBAL,Global,World Bank income group,WB_LMI,Lower-middle-income,Year,2016,false,Sex,Both sexes,SEX_BTSX,,,,,,,,,,10.82,,,7.71,,13.51,10.8 [7.7-13.5],,,EN,2025-01-28T03:00:00.000Z
MH_12,Age-standardized suicide rates (per 100 000 population),numeric,GLOBAL,Global,World Bank income group,WB_HI,High-income,Year,2016,false,Sex,Both sexes,SEX_BTSX,,,,,,,,,,12.48,,,11.42,,13.21,12.5 [11.4-13.2],,,EN,2025-01-28T03:00:00.000Z
MH_12,Age-standardized suicide rates (per 100 000 population),numeric,GLOBAL,Global,World Bank income group,WB_LMI,Lower-middle-income,Year,2016,false,Sex,Male,SEX_MLE,,,,,,,,,,13.85,,,10.4,,17.25,13.9 [10.4-17.2],,,EN,2025-01-28T03:00:00.000Z
MH_12,Age-standardized suicide rates (per 100 000 population),numeric,GLOBAL,Global,World Bank income group,WB_LI,Low-income,Year,2016,false,Sex,Male,SEX_MLE,,,,,,,,,,16.23,,,9.99,,24.42,16.2 [10.0-24.4],,,EN,2025-01-28T03:00:00.000Z
MH_12,Age-standardized suicide rates (per 100 000 population),numeric,GLOBAL,Global,World Bank income group,WB_HI,High-income,Year,2016,false,Sex,Male,SEX_MLE,,,,,,,,,,19.32,,,17.69,,20.32,19.3 [17.7-20.3],,,EN,2025-01-28T03:00:00.000Z
MH_12,Age-standardized suicide rates (per 100 000 population),numeric,GLOBAL,Global,World Bank income group,WB_UMI,Upper-middle-income,Year,2016,false,Sex,Female,SEX_FMLE,,,,,,,,,,4.37,,,3.43,,5.65,4.4 [3.4-5.7],,,EN,2025-01-28T03:00:00.000Z
MH_12,Age-standardized suicide rates (per 100 000 population),numeric,GLOBAL,Global,World Bank income group,WB_LI,Low-income,Year,2016,false,Sex,Female,SEX_FMLE,,,,,,,,,,5.46,,,3.03,,8.92,5.5 [3.0-8.9],,,EN,2025-01-28T03:00:00.000Z
MH_12,Age-standardized suicide rates (per 100 000 population),numeric,GLOBAL,Global,World Bank income group,WB_HI,High-income,Year,2016,false,Sex,Female,SEX_FMLE,,,,,,,,,,5.68,,,5.11,,6.1,5.7 [5.1-6.1],,,EN,2025-01-28T03:00:00.000Z
MH_12,Age-standardized suicide rates (per 100 000 population),numeric,GLOBAL,Global,World Bank income group,WB_UMI,Upper-middle-income,Year,2016,false,Sex,Both sexes,SEX_BTSX,,,,,,,,,,7.01,,,5.7,,8.62,7.0 [5.7-8.6],,,EN,2025-01-28T03:00:00.000Z
MH_12,Age-standardized suicide rates (per 100 000 population),numeric,GLOBAL,Global,World Bank income group,WB_LMI,Lower-middle-income,Year,2016,false,Sex,Female,SEX_FMLE,,,,,,,,,,7.93,,,5.13,,9.97,7.9 [5.1-10.0],,,EN,2025-01-28T03:00:00.000Z
MH_12,Age-standardized suicide rates (per 100 000 population),numeric,GLOBAL,Global,World Bank income group,WB_UMI,Upper-middle-income,Year,2016,false,Sex,Male,SEX_MLE,,,,,,,,,,9.83,,,8.13,,11.77,9.8 [8.1-11.8],,,EN,2025-01-28T03:00:00.000Z
MH_12,Age-standardized suicide rates (per 100 000 population),numeric,GLOBAL,Global,World Bank income group,WB_UMI,Upper-middle-income,Year,2015,false,Sex,Male,SEX_MLE,,,,,,,,,,9.95,,,8.32,,11.83,10.0 [8.3-11.8],,,EN,2025-01-28T03:00:00.000Z
MH_12,Age-standardized suicide rates (per 100 000 population),numeric,GLOBAL,Global,World Bank income group,WB_LI,Low-income,Year,2015,false,Sex,Both sexes,SEX_BTSX,,,,,,,,,,10.34,,,6.22,,15.96,10.3 [6.2-16.0],,,EN,2025-01-28T03:00:00.000Z
MH_12,Age-standardized suicide rates (per 100 000 population),numeric,GLOBAL,Global,World Bank income group,WB_LMI,Lower-middle-income,Year,2015,false,Sex,Both sexes,SEX_BTSX,,,,,,,,,,10.92,,,7.72,,13.61,10.9 [7.7-13.6],,,EN,2025-01-28T03:00:00.000Z
MH_12,Age-standardized suicide rates (per 100 000 population),numeric,GLOBAL,Global,World Bank income group,WB_HI,High-income,Year,2015,false,Sex,Both sexes,SEX_BTSX,,,,,,,,,,12.93,,,11.85,,13.68,12.9 [11.9-13.7],,,EN,2025-01-28T03:00:00.000Z
MH_12,Age-standardized suicide rates (per 100 000 population),numeric,GLOBAL,Global,World Bank income group,WB_LMI,Lower-middle-income,Year,2015,false,Sex,Male,SEX_MLE,,,,,,,,,,14.04,,,10.48,,17.45,14.0 [10.5-17.5],,,EN,2025-01-28T03:00:00.000Z
MH_12,Age-standardized suicide rates (per 100 000 population),numeric,GLOBAL,Global,World Bank income group,WB_LI,Low-income,Year,2015,false,Sex,Male,SEX_MLE,,,,,,,,,,16.07,,,9.89,,24.1,16.1 [9.9-24.1],,,EN,2025-01-28T03:00:00.000Z
MH_12,Age-standardized suicide rates (per 100 000 population),numeric,GLOBAL,Global,World Bank income group,WB_HI,High-income,Year,2015,false,Sex,Male,SEX_MLE,,,,,,,,,,19.99,,,18.36,,21.02,20.0 [18.4-21.0],,,EN,2025-01-28T03:00:00.000Z
MH_12,Age-standardized suicide rates (per 100 000 population),numeric,GLOBAL,Global,World Bank income group,WB_UMI,Upper-middle-income,Year,2015,false,Sex,Female,SEX_FMLE,,,,,,,,,,4.5,,,3.55,,5.84,4.5 [3.5-5.8],,,EN,2025-01-28T03:00:00.000Z
MH_12,Age-standardized suicide rates (per 100 000 population),numeric,GLOBAL,Global,World Bank income group,WB_LI,Low-income,Year,2015,false,Sex,Female,SEX_FMLE,,,,,,,,,,5.44,,,3.05,,8.85,5.4 [3.1-8.8],,,EN,2025-01-28T03:00:00.000Z
MH_12,Age-standardized suicide rates (per 100 000 population),numeric,GLOBAL,Global,World Bank income group,WB_HI,High-income,Year,2015,false,Sex,Female,SEX_FMLE,,,,,,,,,,5.94,,,5.34,,6.37,5.9 [5.3-6.4],,,EN,2025-01-28T03:00:00.000Z
MH_12,Age-standardized suicide rates (per 100 000 population),numeric,GLOBAL,Global,World Bank income group,WB_UMI,Upper-middle-income,Year,2015,false,Sex,Both sexes,SEX_BTSX,,,,,,,,,,7.13,,,5.85,,8.74,7.1 [5.8-8.7],,,EN,2025-01-28T03:00:00.000Z
MH_12,Age-standardized suicide rates (per 100 000 population),numeric,GLOBAL,Global,World Bank income group,WB_LMI,Lower-middle-income,Year,2015,false,Sex,Female,SEX_FMLE,,,,,,,,,,7.93,,,5.07,,9.97,7.9 [5.1-10.0],,,EN,2025-01-28T03:00:00.000Z
MH_12,Age-standardized suicide rates (per 100 000 population),numeric,GLOBAL,Global,World Bank income group,WB_UMI,Upper-middle-income,Year,2014,false,Sex,Male,SEX_MLE,,,,,,,,,,10.13,,,8.54,,11.94,10.1 [8.5-11.9],,,EN,2025-01-28T03:00:00.000Z
MH_12,Age-standardized suicide rates (per 100 000 population),numeric,GLOBAL,Global,World Bank income group,WB_LI,Low-income,Year,2014,false,Sex,Both sexes,SEX_BTSX,,,,,,,,,,10.31,,,6.23,,15.88,10.3 [6.2-15.9],,,EN,2025-01-28T03:00:00.000Z
MH_12,Age-standardized suicide rates (per 100 000 population),numeric,GLOBAL,Global,World Bank income group,WB_LMI,Lower-middle-income,Year,2014,false,Sex,Both sexes,SEX_BTSX,,,,,,,,,,11.18,,,7.98,,13.84,11.2 [8.0-13.8],,,EN,2025-01-28T03:00:00.000Z
MH_12,Age-standardized suicide rates (per 100 000 population),numeric,GLOBAL,Global,World Bank income group,WB_HI,High-income,Year,2014,false,Sex,Both sexes,SEX_BTSX,,,,,,,,,,13.29,,,12.19,,14.06,13.3 [12.2-14.1],,,EN,2025-01-28T03:00:00.000Z
MH_12,Age-standardized suicide rates (per 100 000 population),numeric,GLOBAL,Global,World Bank income group,WB_LMI,Lower-middle-income,Year,2014,false,Sex,Male,SEX_MLE,,,,,,,,,,14.4,,,10.84,,17.77,14.4 [10.8-17.8],,,EN,2025-01-28T03:00:00.000Z
MH_12,Age-standardized suicide rates (per 100 000 population),numeric,GLOBAL,Global,World Bank income group,WB_LI,Low-income,Year,2014,false,Sex,Male,SEX_MLE,,,,,,,,,,16.01,,,9.89,,23.94,16.0 [9.9-23.9],,,EN,2025-01-28T03:00:00.000Z
MH_12,Age-standardized suicide rates (per 100 000 population),numeric,GLOBAL,Global,World Bank income group,WB_HI,High-income,Year,2014,false,Sex,Male,SEX_MLE,,,,,,,,,,20.67,,,18.99,,21.73,20.7 [19.0-21.7],,,EN,2025-01-28T03:00:00.000Z
MH_12,Age-standardized suicide rates (per 100 000 population),numeric,GLOBAL,Global,World Bank income group,WB_UMI,Upper-middle-income,Year,2014,false,Sex,Female,SEX_FMLE,,,,,,,,,,4.66,,,3.7,,5.88,4.7 [3.7-5.9],,,EN,2025-01-28T03:00:00.000Z
MH_12,Age-standardized suicide rates (per 100 000 population),numeric,GLOBAL,Global,World Bank income group,WB_LI,Low-income,Year,2014,false,Sex,Female,SEX_FMLE,,,,,,,,,,5.45,,,3.06,,8.84,5.4 [3.1-8.8],,,EN,2025-01-28T03:00:00.000Z
MH_12,Age-standardized suicide rates (per 100 000 population),numeric,GLOBAL,Global,World Bank income group,WB_HI,High-income,Year,2014,false,Sex,Female,SEX_FMLE,,,,,,,,,,6,,,5.39,,6.44,6.0 [5.4-6.4],,,EN,2025-01-28T03:00:00.000Z
MH_12,Age-standardized suicide rates (per 100 000 population),numeric,GLOBAL,Global,World Bank income group,WB_UMI,Upper-middle-income,Year,2014,false,Sex,Both sexes,SEX_BTSX,,,,,,,,,,7.29,,,6.03,,8.8,7.3 [6.0-8.8],,,EN,2025-01-28T03:00:00.000Z
MH_12,Age-standardized suicide rates (per 100 000 population),numeric,GLOBAL,Global,World Bank income group,WB_LMI,Lower-middle-income,Year,2014,false,Sex,Female,SEX_FMLE,,,,,,,,,,8.12,,,5.24,,10.13,8.1 [5.2-10.1],,,EN,2025-01-28T03:00:00.000Z
MH_12,Age-standardized suicide rates (per 100 000 population),numeric,GLOBAL,Global,World Bank income group,WB_UMI,Upper-middle-income,Year,2013,false,Sex,Male,SEX_MLE,,,,,,,,,,10.11,,,8.58,,11.89,10.1 [8.6-11.9],,,EN,2025-01-28T03:00:00.000Z
MH_12,Age-standardized suicide rates (per 100 000 population),numeric,GLOBAL,Global,World Bank income group,WB_LI,Low-income,Year,2013,false,Sex,Both sexes,SEX_BTSX,,,,,,,,,,10.32,,,6.27,,15.84,10.3 [6.3-15.8],,,EN,2025-01-28T03:00:00.000Z
MH_12,Age-standardized suicide rates (per 100 000 population),numeric,GLOBAL,Global,World Bank income group,WB_LMI,Lower-middle-income,Year,2013,false,Sex,Both sexes,SEX_BTSX,,,,,,,,,,11.47,,,8.15,,14.09,11.5 [8.1-14.1],,,EN,2025-01-28T03:00:00.000Z
MH_12,Age-standardized suicide rates (per 100 000 population),numeric,GLOBAL,Global,World Bank income group,WB_HI,High-income,Year,2013,false,Sex,Both sexes,SEX_BTSX,,,,,,,,,,13.51,,,12.4,,14.29,13.5 [12.4-14.3],,,EN,2025-01-28T03:00:00.000Z
MH_12,Age-standardized suicide rates (per 100 000 population),numeric,GLOBAL,Global,World Bank income group,WB_LMI,Lower-middle-income,Year,2013,false,Sex,Male,SEX_MLE,,,,,,,,,,14.58,,,10.93,,17.89,14.6 [10.9-17.9],,,EN,2025-01-28T03:00:00.000Z
MH_12,Age-standardized suicide rates (per 100 000 population),numeric,GLOBAL,Global,World Bank income group,WB_LI,Low-income,Year,2013,false,Sex,Male,SEX_MLE,,,,,,,,,,16,,,9.95,,23.83,16.0 [9.9-23.8],,,EN,2025-01-28T03:00:00.000Z
MH_12,Age-standardized suicide rates (per 100 000 population),numeric,GLOBAL,Global,World Bank income group,WB_HI,High-income,Year,2013,false,Sex,Male,SEX_MLE,,,,,,,,,,21.08,,,19.4,,22.15,21.1 [19.4-22.2],,,EN,2025-01-28T03:00:00.000Z
MH_12,Age-standardized suicide rates (per 100 000 population),numeric,GLOBAL,Global,World Bank income group,WB_UMI,Upper-middle-income,Year,2013,false,Sex,Female,SEX_FMLE,,,,,,,,,,4.83,,,3.84,,6,4.8 [3.8-6.0],,,EN,2025-01-28T03:00:00.000Z
MH_12,Age-standardized suicide rates (per 100 000 population),numeric,GLOBAL,Global,World Bank income group,WB_LI,Low-income,Year,2013,false,Sex,Female,SEX_FMLE,,,,,,,,,,5.47,,,3.09,,8.85,5.5 [3.1-8.9],,,EN,2025-01-28T03:00:00.000Z
MH_12,Age-standardized suicide rates (per 100 000 population),numeric,GLOBAL,Global,World Bank income group,WB_HI,High-income,Year,2013,false,Sex,Female,SEX_FMLE,,,,,,,,,,6.05,,,5.43,,6.5,6.1 [5.4-6.5],,,EN,2025-01-28T03:00:00.000Z
MH_12,Age-standardized suicide rates (per 100 000 population),numeric,GLOBAL,Global,World Bank income group,WB_UMI,Upper-middle-income,Year,2013,false,Sex,Both sexes,SEX_BTSX,,,,,,,,,,7.36,,,6.11,,8.82,7.4 [6.1-8.8],,,EN,2025-01-28T03:00:00.000Z
MH_12,Age-standardized suicide rates (per 100 000 population),numeric,GLOBAL,Global,World Bank income group,WB_LMI,Lower-middle-income,Year,2013,false,Sex,Female,SEX_FMLE,,,,,,,,,,8.51,,,5.49,,10.49,8.5 [5.5-10.5],,,EN,2025-01-28T03:00:00.000Z
MH_12,Age-standardized suicide rates (per 100 000 population),numeric,GLOBAL,Global,World Bank income group,WB_LI,Low-income,Year,2012,false,Sex,Both sexes,SEX_BTSX,,,,,,,,,,10.37,,,6.34,,15.89,10.4 [6.3-15.9],,,EN,2025-01-28T03:00:00.000Z
MH_12,Age-standardized suicide rates (per 100 000 population),numeric,GLOBAL,Global,World Bank income group,WB_UMI,Upper-middle-income,Year,2012,false,Sex,Male,SEX_MLE,,,,,,,,,,10.38,,,8.85,,12.12,10.4 [8.8-12.1],,,EN,2025-01-28T03:00:00.000Z
MH_12,Age-standardized suicide rates (per 100 000 population),numeric,GLOBAL,Global,World Bank income group,WB_LMI,Lower-middle-income,Year,2012,false,Sex,Both sexes,SEX_BTSX,,,,,,,,,,11.65,,,8.31,,14.35,11.7 [8.3-14.3],,,EN,2025-01-28T03:00:00.000Z
MH_12,Age-standardized suicide rates (per 100 000 population),numeric,GLOBAL,Global,World Bank income group,WB_HI,High-income,Year,2012,false,Sex,Both sexes,SEX_BTSX,,,,,,,,,,13.68,,,12.59,,14.45,13.7 [12.6-14.5],,,EN,2025-01-28T03:00:00.000Z
MH_12,Age-standardized suicide rates (per 100 000 population),numeric,GLOBAL,Global,World Bank income group,WB_LMI,Lower-middle-income,Year,2012,false,Sex,Male,SEX_MLE,,,,,,,,,,14.71,,,11.12,,18.15,14.7 [11.1-18.2],,,EN,2025-01-28T03:00:00.000Z
MH_12,Age-standardized suicide rates (per 100 000 population),numeric,GLOBAL,Global,World Bank income group,WB_LI,Low-income,Year,2012,false,Sex,Male,SEX_MLE,,,,,,,,,,16.07,,,10.06,,23.89,16.1 [10.1-23.9],,,EN,2025-01-28T03:00:00.000Z
MH_12,Age-standardized suicide rates (per 100 000 population),numeric,GLOBAL,Global,World Bank income group,WB_HI,High-income,Year,2012,false,Sex,Male,SEX_MLE,,,,,,,,,,21.43,,,19.77,,22.49,21.4 [19.8-22.5],,,EN,2025-01-28T03:00:00.000Z
MH_12,Age-standardized suicide rates (per 100 000 population),numeric,GLOBAL,Global,World Bank income group,WB_UMI,Upper-middle-income,Year,2012,false,Sex,Female,SEX_FMLE,,,,,,,,,,5.11,,,4.06,,6.29,5.1 [4.1-6.3],,,EN,2025-01-28T03:00:00.000Z
MH_12,Age-standardized suicide rates (per 100 000 population),numeric,GLOBAL,Global,World Bank income group,WB_LI,Low-income,Year,2012,false,Sex,Female,SEX_FMLE,,,,,,,,,,5.51,,,3.13,,8.91,5.5 [3.1-8.9],,,EN,2025-01-28T03:00:00.000Z
MH_12,Age-standardized suicide rates (per 100 000 population),numeric,GLOBAL,Global,World Bank income group,WB_HI,High-income,Year,2012,false,Sex,Female,SEX_FMLE,,,,,,,,,,6.07,,,5.45,,6.52,6.1 [5.4-6.5],,,EN,2025-01-28T03:00:00.000Z
MH_12,Age-standardized suicide rates (per 100 000 population),numeric,GLOBAL,Global,World Bank income group,WB_UMI,Upper-middle-income,Year,2012,false,Sex,Both sexes,SEX_BTSX,,,,,,,,,,7.63,,,6.34,,9.08,7.6 [6.3-9.1],,,EN,2025-01-28T03:00:00.000Z
MH_12,Age-standardized suicide rates (per 100 000 population),numeric,GLOBAL,Global,World Bank income group,WB_LMI,Lower-middle-income,Year,2012,false,Sex,Female,SEX_FMLE,,,,,,,,,,8.71,,,5.61,,10.73,8.7 [5.6-10.7],,,EN,2025-01-28T03:00:00.000Z
MH_12,Age-standardized suicide rates (per 100 000 population),numeric,GLOBAL,Global,World Bank income group,WB_LI,Low-income,Year,2011,false,Sex,Both sexes,SEX_BTSX,,,,,,,,,,10.48,,,6.42,,16.02,10.5 [6.4-16.0],,,EN,2025-01-28T03:00:00.000Z
MH_12,Age-standardized suicide rates (per 100 000 population),numeric,GLOBAL,Global,World Bank income group,WB_UMI,Upper-middle-income,Year,2011,false,Sex,Male,SEX_MLE,,,,,,,,,,10.77,,,9.13,,12.59,10.8 [9.1-12.6],,,EN,2025-01-28T03:00:00.000Z
MH_12,Age-standardized suicide rates (per 100 000 population),numeric,GLOBAL,Global,World Bank income group,WB_LMI,Lower-middle-income,Year,2011,false,Sex,Both sexes,SEX_BTSX,,,,,,,,,,11.72,,,8.39,,14.43,11.7 [8.4-14.4],,,EN,2025-01-28T03:00:00.000Z
MH_12,Age-standardized suicide rates (per 100 000 population),numeric,GLOBAL,Global,World Bank income group,WB_HI,High-income,Year,2011,false,Sex,Both sexes,SEX_BTSX,,,,,,,,,,14.06,,,12.91,,14.85,14.1 [12.9-14.9],,,EN,2025-01-28T03:00:00.000Z
MH_12,Age-standardized suicide rates (per 100 000 population),numeric,GLOBAL,Global,World Bank income group,WB_LMI,Lower-middle-income,Year,2011,false,Sex,Male,SEX_MLE,,,,,,,,,,14.91,,,11.25,,18.4,14.9 [11.3-18.4],,,EN,2025-01-28T03:00:00.000Z
MH_12,Age-standardized suicide rates (per 100 000 population),numeric,GLOBAL,Global,World Bank income group,WB_LI,Low-income,Year,2011,false,Sex,Male,SEX_MLE,,,,,,,,,,16.2,,,10.16,,24,16.2 [10.2-24.0],,,EN,2025-01-28T03:00:00.000Z
MH_12,Age-standardized suicide rates (per 100 000 population),numeric,GLOBAL,Global,World Bank income group,WB_HI,High-income,Year,2011,false,Sex,Male,SEX_MLE,,,,,,,,,,22,,,20.27,,23.09,22.0 [20.3-23.1],,,EN,2025-01-28T03:00:00.000Z
MH_12,Age-standardized suicide rates (per 100 000 population),numeric,GLOBAL,Global,World Bank income group,WB_UMI,Upper-middle-income,Year,2011,false,Sex,Female,SEX_FMLE,,,,,,,,,,5.51,,,4.28,,6.69,5.5 [4.3-6.7],,,EN,2025-01-28T03:00:00.000Z
MH_12,Age-standardized suicide rates (per 100 000 population),numeric,GLOBAL,Global,World Bank income group,WB_LI,Low-income,Year,2011,false,Sex,Female,SEX_FMLE,,,,,,,,,,5.61,,,3.19,,9.06,5.6 [3.2-9.1],,,EN,2025-01-28T03:00:00.000Z
MH_12,Age-standardized suicide rates (per 100 000 population),numeric,GLOBAL,Global,World Bank income group,WB_HI,High-income,Year,2011,false,Sex,Female,SEX_FMLE,,,,,,,,,,6.29,,,5.62,,6.75,6.3 [5.6-6.8],,,EN,2025-01-28T03:00:00.000Z
MH_12,Age-standardized suicide rates (per 100 000 population),numeric,GLOBAL,Global,World Bank income group,WB_UMI,Upper-middle-income,Year,2011,false,Sex,Both sexes,SEX_BTSX,,,,,,,,,,8.01,,,6.58,,9.51,8.0 [6.6-9.5],,,EN,2025-01-28T03:00:00.000Z
MH_12,Age-standardized suicide rates (per 100 000 population),numeric,GLOBAL,Global,World Bank income group,WB_LMI,Lower-middle-income,Year,2011,false,Sex,Female,SEX_FMLE,,,,,,,,,,8.66,,,5.63,,10.65,8.7 [5.6-10.7],,,EN,2025-01-28T03:00:00.000Z
MH_12,Age-standardized suicide rates (per 100 000 population),numeric,GLOBAL,Global,World Bank income group,WB_LI,Low-income,Year,2010,false,Sex,Both sexes,SEX_BTSX,,,,,,,,,,10.51,,,6.43,,16.04,10.5 [6.4-16.0],,,EN,2025-01-28T03:00:00.000Z
MH_12,Age-standardized suicide rates (per 100 000 population),numeric,GLOBAL,Global,World Bank income group,WB_UMI,Upper-middle-income,Year,2010,false,Sex,Male,SEX_MLE,,,,,,,,,,11.27,,,9.43,,13.04,11.3 [9.4-13.0],,,EN,2025-01-28T03:00:00.000Z
MH_12,Age-standardized suicide rates (per 100 000 population),numeric,GLOBAL,Global,World Bank income group,WB_LMI,Lower-middle-income,Year,2010,false,Sex,Both sexes,SEX_BTSX,,,,,,,,,,11.82,,,8.53,,14.57,11.8 [8.5-14.6],,,EN,2025-01-28T03:00:00.000Z
MH_12,Age-standardized suicide rates (per 100 000 population),numeric,GLOBAL,Global,World Bank income group,WB_HI,High-income,Year,2010,false,Sex,Both sexes,SEX_BTSX,,,,,,,,,,14.26,,,13.11,,15.07,14.3 [13.1-15.1],,,EN,2025-01-28T03:00:00.000Z
MH_12,Age-standardized suicide rates (per 100 000 population),numeric,GLOBAL,Global,World Bank income group,WB_LMI,Lower-middle-income,Year,2010,false,Sex,Male,SEX_MLE,,,,,,,,,,14.98,,,11.41,,18.49,15.0 [11.4-18.5],,,EN,2025-01-28T03:00:00.000Z
MH_12,Age-standardized suicide rates (per 100 000 population),numeric,GLOBAL,Global,World Bank income group,WB_LI,Low-income,Year,2010,false,Sex,Male,SEX_MLE,,,,,,,,,,16.23,,,10.16,,24.02,16.2 [10.2-24.0],,,EN,2025-01-28T03:00:00.000Z
MH_12,Age-standardized suicide rates (per 100 000 population),numeric,GLOBAL,Global,World Bank income group,WB_HI,High-income,Year,2010,false,Sex,Male,SEX_MLE,,,,,,,,,,22.4,,,20.68,,23.51,22.4 [20.7-23.5],,,EN,2025-01-28T03:00:00.000Z
MH_12,Age-standardized suicide rates (per 100 000 population),numeric,GLOBAL,Global,World Bank income group,WB_LI,Low-income,Year,2010,false,Sex,Female,SEX_FMLE,,,,,,,,,,5.63,,,3.2,,9.09,5.6 [3.2-9.1],,,EN,2025-01-28T03:00:00.000Z
MH_12,Age-standardized suicide rates (per 100 000 population),numeric,GLOBAL,Global,World Bank income group,WB_UMI,Upper-middle-income,Year,2010,false,Sex,Female,SEX_FMLE,,,,,,,,,,5.84,,,4.51,,6.99,5.8 [4.5-7.0],,,EN,2025-01-28T03:00:00.000Z
MH_12,Age-standardized suicide rates (per 100 000 population),numeric,GLOBAL,Global,World Bank income group,WB_HI,High-income,Year,2010,false,Sex,Female,SEX_FMLE,,,,,,,,,,6.32,,,5.63,,6.79,6.3 [5.6-6.8],,,EN,2025-01-28T03:00:00.000Z
MH_12,Age-standardized suicide rates (per 100 000 population),numeric,GLOBAL,Global,World Bank income group,WB_UMI,Upper-middle-income,Year,2010,false,Sex,Both sexes,SEX_BTSX,,,,,,,,,,8.42,,,6.84,,9.87,8.4 [6.8-9.9],,,EN,2025-01-28T03:00:00.000Z
MH_12,Age-standardized suicide rates (per 100 000 population),numeric,GLOBAL,Global,World Bank income group,WB_LMI,Lower-middle-income,Year,2010,false,Sex,Female,SEX_FMLE,,,,,,,,,,8.78,,,5.76,,10.86,8.8 [5.8-10.9],,,EN,2025-01-28T03:00:00.000Z
MH_12,Age-standardized suicide rates (per 100 000 population),numeric,GLOBAL,Global,World Bank income group,WB_LI,Low-income,Year,2009,false,Sex,Both sexes,SEX_BTSX,,,,,,,,,,10.58,,,6.47,,16.13,10.6 [6.5-16.1],,,EN,2025-01-28T03:00:00.000Z
MH_12,Age-standardized suicide rates (per 100 000 population),numeric,GLOBAL,Global,World Bank income group,WB_UMI,Upper-middle-income,Year,2009,false,Sex,Male,SEX_MLE,,,,,,,,,,11.74,,,9.77,,13.54,11.7 [9.8-13.5],,,EN,2025-01-28T03:00:00.000Z
MH_12,Age-standardized suicide rates (per 100 000 population),numeric,GLOBAL,Global,World Bank income group,WB_LMI,Lower-middle-income,Year,2009,false,Sex,Both sexes,SEX_BTSX,,,,,,,,,,11.8,,,8.56,,14.56,11.8 [8.6-14.6],,,EN,2025-01-28T03:00:00.000Z
MH_12,Age-standardized suicide rates (per 100 000 population),numeric,GLOBAL,Global,World Bank income group,WB_HI,High-income,Year,2009,false,Sex,Both sexes,SEX_BTSX,,,,,,,,,,14.5,,,13.35,,15.32,14.5 [13.4-15.3],,,EN,2025-01-28T03:00:00.000Z
MH_12,Age-standardized suicide rates (per 100 000 population),numeric,GLOBAL,Global,World Bank income group,WB_LMI,Lower-middle-income,Year,2009,false,Sex,Male,SEX_MLE,,,,,,,,,,14.93,,,11.38,,18.44,14.9 [11.4-18.4],,,EN,2025-01-28T03:00:00.000Z
MH_12,Age-standardized suicide rates (per 100 000 population),numeric,GLOBAL,Global,World Bank income group,WB_LI,Low-income,Year,2009,false,Sex,Male,SEX_MLE,,,,,,,,,,16.33,,,10.25,,24.16,16.3 [10.2-24.2],,,EN,2025-01-28T03:00:00.000Z
MH_12,Age-standardized suicide rates (per 100 000 population),numeric,GLOBAL,Global,World Bank income group,WB_HI,High-income,Year,2009,false,Sex,Male,SEX_MLE,,,,,,,,,,22.82,,,21.13,,23.95,22.8 [21.1-24.0],,,EN,2025-01-28T03:00:00.000Z
MH_12,Age-standardized suicide rates (per 100 000 population),numeric,GLOBAL,Global,World Bank income group,WB_LI,Low-income,Year,2009,false,Sex,Female,SEX_FMLE,,,,,,,,,,5.68,,,3.22,,9.14,5.7 [3.2-9.1],,,EN,2025-01-28T03:00:00.000Z
MH_12,Age-standardized suicide rates (per 100 000 population),numeric,GLOBAL,Global,World Bank income group,WB_UMI,Upper-middle-income,Year,2009,false,Sex,Female,SEX_FMLE,,,,,,,,,,6.19,,,4.7,,7.33,6.2 [4.7-7.3],,,EN,2025-01-28T03:00:00.000Z
MH_12,Age-standardized suicide rates (per 100 000 population),numeric,GLOBAL,Global,World Bank income group,WB_HI,High-income,Year,2009,false,Sex,Female,SEX_FMLE,,,,,,,,,,6.4,,,5.71,,6.88,6.4 [5.7-6.9],,,EN,2025-01-28T03:00:00.000Z
MH_12,Age-standardized suicide rates (per 100 000 population),numeric,GLOBAL,Global,World Bank income group,WB_LMI,Lower-middle-income,Year,2009,false,Sex,Female,SEX_FMLE,,,,,,,,,,8.79,,,5.84,,10.87,8.8 [5.8-10.9],,,EN,2025-01-28T03:00:00.000Z
MH_12,Age-standardized suicide rates (per 100 000 population),numeric,GLOBAL,Global,World Bank income group,WB_UMI,Upper-middle-income,Year,2009,false,Sex,Both sexes,SEX_BTSX,,,,,,,,,,8.82,,,7.1,,10.28,8.8 [7.1-10.3],,,EN,2025-01-28T03:00:00.000Z
MH_12,Age-standardized suicide rates (per 100 000 population),numeric,GLOBAL,Global,World Bank income group,WB_LI,Low-income,Year,2008,false,Sex,Both sexes,SEX_BTSX,,,,,,,,,,10.65,,,6.51,,16.23,10.6 [6.5-16.2],,,EN,2025-01-28T03:00:00.000Z
MH_12,Age-standardized suicide rates (per 100 000 population),numeric,GLOBAL,Global,World Bank income group,WB_LMI,Lower-middle-income,Year,2008,false,Sex,Both sexes,SEX_BTSX,,,,,,,,,,11.93,,,8.73,,14.66,11.9 [8.7-14.7],,,EN,2025-01-28T03:00:00.000Z
MH_12,Age-standardized suicide rates (per 100 000 population),numeric,GLOBAL,Global,World Bank income group,WB_UMI,Upper-middle-income,Year,2008,false,Sex,Male,SEX_MLE,,,,,,,,,,12.25,,,10.08,,14.06,12.2 [10.1-14.1],,,EN,2025-01-28T03:00:00.000Z
MH_12,Age-standardized suicide rates (per 100 000 population),numeric,GLOBAL,Global,World Bank income group,WB_HI,High-income,Year,2008,false,Sex,Both sexes,SEX_BTSX,,,,,,,,,,14.35,,,13.29,,15.14,14.3 [13.3-15.1],,,EN,2025-01-28T03:00:00.000Z
MH_12,Age-standardized suicide rates (per 100 000 population),numeric,GLOBAL,Global,World Bank income group,WB_LMI,Lower-middle-income,Year,2008,false,Sex,Male,SEX_MLE,,,,,,,,,,15.09,,,11.57,,18.62,15.1 [11.6-18.6],,,EN,2025-01-28T03:00:00.000Z
MH_12,Age-standardized suicide rates (per 100 000 population),numeric,GLOBAL,Global,World Bank income group,WB_LI,Low-income,Year,2008,false,Sex,Male,SEX_MLE,,,,,,,,,,16.41,,,10.3,,24.27,16.4 [10.3-24.3],,,EN,2025-01-28T03:00:00.000Z
MH_12,Age-standardized suicide rates (per 100 000 population),numeric,GLOBAL,Global,World Bank income group,WB_HI,High-income,Year,2008,false,Sex,Male,SEX_MLE,,,,,,,,,,22.59,,,21.01,,23.66,22.6 [21.0-23.7],,,EN,2025-01-28T03:00:00.000Z
MH_12,Age-standardized suicide rates (per 100 000 population),numeric,GLOBAL,Global,World Bank income group,WB_LI,Low-income,Year,2008,false,Sex,Female,SEX_FMLE,,,,,,,,,,5.75,,,3.25,,9.23,5.7 [3.2-9.2],,,EN,2025-01-28T03:00:00.000Z
MH_12,Age-standardized suicide rates (per 100 000 population),numeric,GLOBAL,Global,World Bank income group,WB_HI,High-income,Year,2008,false,Sex,Female,SEX_FMLE,,,,,,,,,,6.35,,,5.72,,6.82,6.4 [5.7-6.8],,,EN,2025-01-28T03:00:00.000Z
MH_12,Age-standardized suicide rates (per 100 000 population),numeric,GLOBAL,Global,World Bank income group,WB_UMI,Upper-middle-income,Year,2008,false,Sex,Female,SEX_FMLE,,,,,,,,,,6.58,,,4.89,,7.74,6.6 [4.9-7.7],,,EN,2025-01-28T03:00:00.000Z
MH_12,Age-standardized suicide rates (per 100 000 population),numeric,GLOBAL,Global,World Bank income group,WB_LMI,Lower-middle-income,Year,2008,false,Sex,Female,SEX_FMLE,,,,,,,,,,8.88,,,6.01,,10.9,8.9 [6.0-10.9],,,EN,2025-01-28T03:00:00.000Z
MH_12,Age-standardized suicide rates (per 100 000 population),numeric,GLOBAL,Global,World Bank income group,WB_UMI,Upper-middle-income,Year,2008,false,Sex,Both sexes,SEX_BTSX,,,,,,,,,,9.26,,,7.36,,10.74,9.3 [7.4-10.7],,,EN,2025-01-28T03:00:00.000Z
MH_12,Age-standardized suicide rates (per 100 000 population),numeric,GLOBAL,Global,World Bank income group,WB_LI,Low-income,Year,2007,false,Sex,Both sexes,SEX_BTSX,,,,,,,,,,10.66,,,6.52,,16.23,10.7 [6.5-16.2],,,EN,2025-01-28T03:00:00.000Z
MH_12,Age-standardized suicide rates (per 100 000 population),numeric,GLOBAL,Global,World Bank income group,WB_LMI,Lower-middle-income,Year,2007,false,Sex,Both sexes,SEX_BTSX,,,,,,,,,,12.04,,,8.82,,14.88,12.0 [8.8-14.9],,,EN,2025-01-28T03:00:00.000Z
MH_12,Age-standardized suicide rates (per 100 000 population),numeric,GLOBAL,Global,World Bank income group,WB_UMI,Upper-middle-income,Year,2007,false,Sex,Male,SEX_MLE,,,,,,,,,,12.71,,,10.25,,14.55,12.7 [10.2-14.5],,,EN,2025-01-28T03:00:00.000Z
MH_12,Age-standardized suicide rates (per 100 000 population),numeric,GLOBAL,Global,World Bank income group,WB_HI,High-income,Year,2007,false,Sex,Both sexes,SEX_BTSX,,,,,,,,,,14.29,,,13.26,,15.07,14.3 [13.3-15.1],,,EN,2025-01-28T03:00:00.000Z
MH_12,Age-standardized suicide rates (per 100 000 population),numeric,GLOBAL,Global,World Bank income group,WB_LMI,Lower-middle-income,Year,2007,false,Sex,Male,SEX_MLE,,,,,,,,,,15.08,,,11.52,,18.72,15.1 [11.5-18.7],,,EN,2025-01-28T03:00:00.000Z
MH_12,Age-standardized suicide rates (per 100 000 population),numeric,GLOBAL,Global,World Bank income group,WB_LI,Low-income,Year,2007,false,Sex,Male,SEX_MLE,,,,,,,,,,16.44,,,10.33,,24.32,16.4 [10.3-24.3],,,EN,2025-01-28T03:00:00.000Z
MH_12,Age-standardized suicide rates (per 100 000 population),numeric,GLOBAL,Global,World Bank income group,WB_HI,High-income,Year,2007,false,Sex,Male,SEX_MLE,,,,,,,,,,22.55,,,21.02,,23.63,22.5 [21.0-23.6],,,EN,2025-01-28T03:00:00.000Z
MH_12,Age-standardized suicide rates (per 100 000 population),numeric,GLOBAL,Global,World Bank income group,WB_LI,Low-income,Year,2007,false,Sex,Female,SEX_FMLE,,,,,,,,,,5.76,,,3.24,,9.22,5.8 [3.2-9.2],,,EN,2025-01-28T03:00:00.000Z
MH_12,Age-standardized suicide rates (per 100 000 population),numeric,GLOBAL,Global,World Bank income group,WB_HI,High-income,Year,2007,false,Sex,Female,SEX_FMLE,,,,,,,,,,6.29,,,5.68,,6.75,6.3 [5.7-6.8],,,EN,2025-01-28T03:00:00.000Z
MH_12,Age-standardized suicide rates (per 100 000 population),numeric,GLOBAL,Global,World Bank income group,WB_UMI,Upper-middle-income,Year,2007,false,Sex,Female,SEX_FMLE,,,,,,,,,,6.95,,,5,,8.12,6.9 [5.0-8.1],,,EN,2025-01-28T03:00:00.000Z
MH_12,Age-standardized suicide rates (per 100 000 population),numeric,GLOBAL,Global,World Bank income group,WB_LMI,Lower-middle-income,Year,2007,false,Sex,Female,SEX_FMLE,,,,,,,,,,9.12,,,6.23,,11.25,9.1 [6.2-11.2],,,EN,2025-01-28T03:00:00.000Z
MH_12,Age-standardized suicide rates (per 100 000 population),numeric,GLOBAL,Global,World Bank income group,WB_UMI,Upper-middle-income,Year,2007,false,Sex,Both sexes,SEX_BTSX,,,,,,,,,,9.67,,,7.49,,11.16,9.7 [7.5-11.2],,,EN,2025-01-28T03:00:00.000Z
MH_12,Age-standardized suicide rates (per 100 000 population),numeric,GLOBAL,Global,World Bank income group,WB_UMI,Upper-middle-income,Year,2006,false,Sex,Both sexes,SEX_BTSX,,,,,,,,,,10.28,,,7.79,,11.8,10.3 [7.8-11.8],,,EN,2025-01-28T03:00:00.000Z
MH_12,Age-standardized suicide rates (per 100 000 population),numeric,GLOBAL,Global,World Bank income group,WB_LI,Low-income,Year,2006,false,Sex,Both sexes,SEX_BTSX,,,,,,,,,,10.68,,,6.52,,16.27,10.7 [6.5-16.3],,,EN,2025-01-28T03:00:00.000Z
MH_12,Age-standardized suicide rates (per 100 000 population),numeric,GLOBAL,Global,World Bank income group,WB_LMI,Lower-middle-income,Year,2006,false,Sex,Both sexes,SEX_BTSX,,,,,,,,,,12.13,,,8.9,,15.18,12.1 [8.9-15.2],,,EN,2025-01-28T03:00:00.000Z
MH_12,Age-standardized suicide rates (per 100 000 population),numeric,GLOBAL,Global,World Bank income group,WB_UMI,Upper-middle-income,Year,2006,false,Sex,Male,SEX_MLE,,,,,,,,,,13.37,,,10.63,,15.25,13.4 [10.6-15.2],,,EN,2025-01-28T03:00:00.000Z
MH_12,Age-standardized suicide rates (per 100 000 population),numeric,GLOBAL,Global,World Bank income group,WB_HI,High-income,Year,2006,false,Sex,Both sexes,SEX_BTSX,,,,,,,,,,14.44,,,13.46,,15.22,14.4 [13.5-15.2],,,EN,2025-01-28T03:00:00.000Z
MH_12,Age-standardized suicide rates (per 100 000 population),numeric,GLOBAL,Global,World Bank income group,WB_LMI,Lower-middle-income,Year,2006,false,Sex,Male,SEX_MLE,,,,,,,,,,14.97,,,11.4,,18.91,15.0 [11.4-18.9],,,EN,2025-01-28T03:00:00.000Z
MH_12,Age-standardized suicide rates (per 100 000 population),numeric,GLOBAL,Global,World Bank income group,WB_LI,Low-income,Year,2006,false,Sex,Male,SEX_MLE,,,,,,,,,,16.45,,,10.33,,24.38,16.4 [10.3-24.4],,,EN,2025-01-28T03:00:00.000Z
MH_12,Age-standardized suicide rates (per 100 000 population),numeric,GLOBAL,Global,World Bank income group,WB_HI,High-income,Year,2006,false,Sex,Male,SEX_MLE,,,,,,,,,,23.03,,,21.52,,24.1,23.0 [21.5-24.1],,,EN,2025-01-28T03:00:00.000Z
MH_12,Age-standardized suicide rates (per 100 000 population),numeric,GLOBAL,Global,World Bank income group,WB_LI,Low-income,Year,2006,false,Sex,Female,SEX_FMLE,,,,,,,,,,5.78,,,3.25,,9.25,5.8 [3.3-9.3],,,EN,2025-01-28T03:00:00.000Z
MH_12,Age-standardized suicide rates (per 100 000 population),numeric,GLOBAL,Global,World Bank income group,WB_HI,High-income,Year,2006,false,Sex,Female,SEX_FMLE,,,,,,,,,,6.15,,,5.61,,6.59,6.2 [5.6-6.6],,,EN,2025-01-28T03:00:00.000Z
MH_12,Age-standardized suicide rates (per 100 000 population),numeric,GLOBAL,Global,World Bank income group,WB_UMI,Upper-middle-income,Year,2006,false,Sex,Female,SEX_FMLE,,,,,,,,,,7.53,,,5.24,,8.73,7.5 [5.2-8.7],,,EN,2025-01-28T03:00:00.000Z
MH_12,Age-standardized suicide rates (per 100 000 population),numeric,GLOBAL,Global,World Bank income group,WB_LMI,Lower-middle-income,Year,2006,false,Sex,Female,SEX_FMLE,,,,,,,,,,9.43,,,6.52,,11.66,9.4 [6.5-11.7],,,EN,2025-01-28T03:00:00.000Z
MH_12,Age-standardized suicide rates (per 100 000 population),numeric,GLOBAL,Global,World Bank income group,WB_LI,Low-income,Year,2005,false,Sex,Both sexes,SEX_BTSX,,,,,,,,,,10.82,,,6.59,,16.46,10.8 [6.6-16.5],,,EN,2025-01-28T03:00:00.000Z
MH_12,Age-standardized suicide rates (per 100 000 population),numeric,GLOBAL,Global,World Bank income group,WB_UMI,Upper-middle-income,Year,2005,false,Sex,Both sexes,SEX_BTSX,,,,,,,,,,11.2,,,8.37,,12.84,11.2 [8.4-12.8],,,EN,2025-01-28T03:00:00.000Z
MH_12,Age-standardized suicide rates (per 100 000 population),numeric,GLOBAL,Global,World Bank income group,WB_LMI,Lower-middle-income,Year,2005,false,Sex,Both sexes,SEX_BTSX,,,,,,,,,,12.11,,,8.85,,15.17,12.1 [8.9-15.2],,,EN,2025-01-28T03:00:00.000Z
MH_12,Age-standardized suicide rates (per 100 000 population),numeric,GLOBAL,Global,World Bank income group,WB_UMI,Upper-middle-income,Year,2005,false,Sex,Male,SEX_MLE,,,,,,,,,,14.47,,,11.41,,16.49,14.5 [11.4-16.5],,,EN,2025-01-28T03:00:00.000Z
MH_12,Age-standardized suicide rates (per 100 000 population),numeric,GLOBAL,Global,World Bank income group,WB_LMI,Lower-middle-income,Year,2005,false,Sex,Male,SEX_MLE,,,,,,,,,,15.01,,,11.39,,19,15.0 [11.4-19.0],,,EN,2025-01-28T03:00:00.000Z
MH_12,Age-standardized suicide rates (per 100 000 population),numeric,GLOBAL,Global,World Bank income group,WB_HI,High-income,Year,2005,false,Sex,Both sexes,SEX_BTSX,,,,,,,,,,15.22,,,14.15,,16.06,15.2 [14.2-16.1],,,EN,2025-01-28T03:00:00.000Z
MH_12,Age-standardized suicide rates (per 100 000 population),numeric,GLOBAL,Global,World Bank income group,WB_LI,Low-income,Year,2005,false,Sex,Male,SEX_MLE,,,,,,,,,,16.6,,,10.43,,24.57,16.6 [10.4-24.6],,,EN,2025-01-28T03:00:00.000Z
MH_12,Age-standardized suicide rates (per 100 000 population),numeric,GLOBAL,Global,World Bank income group,WB_HI,High-income,Year,2005,false,Sex,Male,SEX_MLE,,,,,,,,,,24.34,,,22.69,,25.53,24.3 [22.7-25.5],,,EN,2025-01-28T03:00:00.000Z
MH_12,Age-standardized suicide rates (per 100 000 population),numeric,GLOBAL,Global,World Bank income group,WB_LI,Low-income,Year,2005,false,Sex,Female,SEX_FMLE,,,,,,,,,,5.91,,,3.3,,9.44,5.9 [3.3-9.4],,,EN,2025-01-28T03:00:00.000Z
MH_12,Age-standardized suicide rates (per 100 000 population),numeric,GLOBAL,Global,World Bank income group,WB_HI,High-income,Year,2005,false,Sex,Female,SEX_FMLE,,,,,,,,,,6.44,,,5.85,,6.9,6.4 [5.9-6.9],,,EN,2025-01-28T03:00:00.000Z
MH_12,Age-standardized suicide rates (per 100 000 population),numeric,GLOBAL,Global,World Bank income group,WB_UMI,Upper-middle-income,Year,2005,false,Sex,Female,SEX_FMLE,,,,,,,,,,8.31,,,5.66,,9.63,8.3 [5.7-9.6],,,EN,2025-01-28T03:00:00.000Z
MH_12,Age-standardized suicide rates (per 100 000 population),numeric,GLOBAL,Global,World Bank income group,WB_LMI,Lower-middle-income,Year,2005,false,Sex,Female,SEX_FMLE,,,,,,,,,,9.35,,,6.44,,11.55,9.3 [6.4-11.6],,,EN,2025-01-28T03:00:00.000Z
MH_12,Age-standardized suicide rates (per 100 000 population),numeric,GLOBAL,Global,World Bank income group,WB_LI,Low-income,Year,2004,false,Sex,Both sexes,SEX_BTSX,,,,,,,,,,11.02,,,6.69,,16.72,11.0 [6.7-16.7],,,EN,2025-01-28T03:00:00.000Z
MH_12,Age-standardized suicide rates (per 100 000 population),numeric,GLOBAL,Global,World Bank income group,WB_UMI,Upper-middle-income,Year,2004,false,Sex,Both sexes,SEX_BTSX,,,,,,,,,,11.85,,,8.63,,13.62,11.8 [8.6-13.6],,,EN,2025-01-28T03:00:00.000Z
MH_12,Age-standardized suicide rates (per 100 000 population),numeric,GLOBAL,Global,World Bank income group,WB_LMI,Lower-middle-income,Year,2004,false,Sex,Both sexes,SEX_BTSX,,,,,,,,,,12.06,,,8.86,,15.15,12.1 [8.9-15.1],,,EN,2025-01-28T03:00:00.000Z
MH_12,Age-standardized suicide rates (per 100 000 population),numeric,GLOBAL,Global,World Bank income group,WB_LMI,Lower-middle-income,Year,2004,false,Sex,Male,SEX_MLE,,,,,,,,,,14.97,,,11.43,,19.04,15.0 [11.4-19.0],,,EN,2025-01-28T03:00:00.000Z
MH_12,Age-standardized suicide rates (per 100 000 population),numeric,GLOBAL,Global,World Bank income group,WB_UMI,Upper-middle-income,Year,2004,false,Sex,Male,SEX_MLE,,,,,,,,,,15.2,,,11.76,,17.34,15.2 [11.8-17.3],,,EN,2025-01-28T03:00:00.000Z
MH_12,Age-standardized suicide rates (per 100 000 population),numeric,GLOBAL,Global,World Bank income group,WB_HI,High-income,Year,2004,false,Sex,Both sexes,SEX_BTSX,,,,,,,,,,15.62,,,14.63,,16.44,15.6 [14.6-16.4],,,EN,2025-01-28T03:00:00.000Z
MH_12,Age-standardized suicide rates (per 100 000 population),numeric,GLOBAL,Global,World Bank income group,WB_LI,Low-income,Year,2004,false,Sex,Male,SEX_MLE,,,,,,,,,,16.92,,,10.6,,24.95,16.9 [10.6-25.0],,,EN,2025-01-28T03:00:00.000Z
MH_12,Age-standardized suicide rates (per 100 000 population),numeric,GLOBAL,Global,World Bank income group,WB_HI,High-income,Year,2004,false,Sex,Male,SEX_MLE,,,,,,,,,,25.11,,,23.56,,26.24,25.1 [23.6-26.2],,,EN,2025-01-28T03:00:00.000Z
MH_12,Age-standardized suicide rates (per 100 000 population),numeric,GLOBAL,Global,World Bank income group,WB_LI,Low-income,Year,2004,false,Sex,Female,SEX_FMLE,,,,,,,,,,6.02,,,3.35,,9.6,6.0 [3.3-9.6],,,EN,2025-01-28T03:00:00.000Z
MH_12,Age-standardized suicide rates (per 100 000 population),numeric,GLOBAL,Global,World Bank income group,WB_HI,High-income,Year,2004,false,Sex,Female,SEX_FMLE,,,,,,,,,,6.49,,,5.95,,6.95,6.5 [5.9-7.0],,,EN,2025-01-28T03:00:00.000Z
MH_12,Age-standardized suicide rates (per 100 000 population),numeric,GLOBAL,Global,World Bank income group,WB_UMI,Upper-middle-income,Year,2004,false,Sex,Female,SEX_FMLE,,,,,,,,,,8.91,,,5.84,,10.37,8.9 [5.8-10.4],,,EN,2025-01-28T03:00:00.000Z
MH_12,Age-standardized suicide rates (per 100 000 population),numeric,GLOBAL,Global,World Bank income group,WB_LMI,Lower-middle-income,Year,2004,false,Sex,Female,SEX_FMLE,,,,,,,,,,9.27,,,6.42,,11.47,9.3 [6.4-11.5],,,EN,2025-01-28T03:00:00.000Z
MH_12,Age-standardized suicide rates (per 100 000 population),numeric,GLOBAL,Global,World Bank income group,WB_LI,Low-income,Year,2003,false,Sex,Both sexes,SEX_BTSX,,,,,,,,,,11.19,,,6.8,,16.94,11.2 [6.8-16.9],,,EN,2025-01-28T03:00:00.000Z
MH_12,Age-standardized suicide rates (per 100 000 population),numeric,GLOBAL,Global,World Bank income group,WB_LMI,Lower-middle-income,Year,2003,false,Sex,Both sexes,SEX_BTSX,,,,,,,,,,12.01,,,8.79,,14.97,12.0 [8.8-15.0],,,EN,2025-01-28T03:00:00.000Z
MH_12,Age-standardized suicide rates (per 100 000 population),numeric,GLOBAL,Global,World Bank income group,WB_UMI,Upper-middle-income,Year,2003,false,Sex,Both sexes,SEX_BTSX,,,,,,,,,,12.06,,,8.69,,13.88,12.1 [8.7-13.9],,,EN,2025-01-28T03:00:00.000Z
MH_12,Age-standardized suicide rates (per 100 000 population),numeric,GLOBAL,Global,World Bank income group,WB_LMI,Lower-middle-income,Year,2003,false,Sex,Male,SEX_MLE,,,,,,,,,,14.77,,,11.23,,18.51,14.8 [11.2-18.5],,,EN,2025-01-28T03:00:00.000Z
MH_12,Age-standardized suicide rates (per 100 000 population),numeric,GLOBAL,Global,World Bank income group,WB_UMI,Upper-middle-income,Year,2003,false,Sex,Male,SEX_MLE,,,,,,,,,,15.37,,,11.7,,17.57,15.4 [11.7-17.6],,,EN,2025-01-28T03:00:00.000Z
MH_12,Age-standardized suicide rates (per 100 000 population),numeric,GLOBAL,Global,World Bank income group,WB_HI,High-income,Year,2003,false,Sex,Both sexes,SEX_BTSX,,,,,,,,,,16.08,,,15.1,,16.91,16.1 [15.1-16.9],,,EN,2025-01-28T03:00:00.000Z
MH_12,Age-standardized suicide rates (per 100 000 population),numeric,GLOBAL,Global,World Bank income group,WB_LI,Low-income,Year,2003,false,Sex,Male,SEX_MLE,,,,,,,,,,17.16,,,10.75,,25.25,17.2 [10.8-25.2],,,EN,2025-01-28T03:00:00.000Z
MH_12,Age-standardized suicide rates (per 100 000 population),numeric,GLOBAL,Global,World Bank income group,WB_HI,High-income,Year,2003,false,Sex,Male,SEX_MLE,,,,,,,,,,25.98,,,24.44,,27.15,26.0 [24.4-27.1],,,EN,2025-01-28T03:00:00.000Z
MH_12,Age-standardized suicide rates (per 100 000 population),numeric,GLOBAL,Global,World Bank income group,WB_LI,Low-income,Year,2003,false,Sex,Female,SEX_FMLE,,,,,,,,,,6.15,,,3.41,,9.78,6.1 [3.4-9.8],,,EN,2025-01-28T03:00:00.000Z
MH_12,Age-standardized suicide rates (per 100 000 population),numeric,GLOBAL,Global,World Bank income group,WB_HI,High-income,Year,2003,false,Sex,Female,SEX_FMLE,,,,,,,,,,6.57,,,6.04,,7.03,6.6 [6.0-7.0],,,EN,2025-01-28T03:00:00.000Z
MH_12,Age-standardized suicide rates (per 100 000 population),numeric,GLOBAL,Global,World Bank income group,WB_UMI,Upper-middle-income,Year,2003,false,Sex,Female,SEX_FMLE,,,,,,,,,,9.16,,,6.02,,10.68,9.2 [6.0-10.7],,,EN,2025-01-28T03:00:00.000Z
MH_12,Age-standardized suicide rates (per 100 000 population),numeric,GLOBAL,Global,World Bank income group,WB_LMI,Lower-middle-income,Year,2003,false,Sex,Female,SEX_FMLE,,,,,,,,,,9.38,,,6.48,,11.65,9.4 [6.5-11.7],,,EN,2025-01-28T03:00:00.000Z
MH_12,Age-standardized suicide rates (per 100 000 population),numeric,GLOBAL,Global,World Bank income group,WB_LI,Low-income,Year,2002,false,Sex,Both sexes,SEX_BTSX,,,,,,,,,,11.34,,,6.85,,17.17,11.3 [6.8-17.2],,,EN,2025-01-28T03:00:00.000Z
MH_12,Age-standardized suicide rates (per 100 000 population),numeric,GLOBAL,Global,World Bank income group,WB_LMI,Lower-middle-income,Year,2002,false,Sex,Both sexes,SEX_BTSX,,,,,,,,,,12.15,,,8.87,,15.17,12.1 [8.9-15.2],,,EN,2025-01-28T03:00:00.000Z
MH_12,Age-standardized suicide rates (per 100 000 population),numeric,GLOBAL,Global,World Bank income group,WB_UMI,Upper-middle-income,Year,2002,false,Sex,Both sexes,SEX_BTSX,,,,,,,,,,12.24,,,8.68,,14.14,12.2 [8.7-14.1],,,EN,2025-01-28T03:00:00.000Z
MH_12,Age-standardized suicide rates (per 100 000 population),numeric,GLOBAL,Global,World Bank income group,WB_LMI,Lower-middle-income,Year,2002,false,Sex,Male,SEX_MLE,,,,,,,,,,14.9,,,11.31,,18.69,14.9 [11.3-18.7],,,EN,2025-01-28T03:00:00.000Z
MH_12,Age-standardized suicide rates (per 100 000 population),numeric,GLOBAL,Global,World Bank income group,WB_UMI,Upper-middle-income,Year,2002,false,Sex,Male,SEX_MLE,,,,,,,,,,15.49,,,11.7,,17.74,15.5 [11.7-17.7],,,EN,2025-01-28T03:00:00.000Z
MH_12,Age-standardized suicide rates (per 100 000 population),numeric,GLOBAL,Global,World Bank income group,WB_HI,High-income,Year,2002,false,Sex,Both sexes,SEX_BTSX,,,,,,,,,,16.11,,,15.19,,16.95,16.1 [15.2-16.9],,,EN,2025-01-28T03:00:00.000Z
MH_12,Age-standardized suicide rates (per 100 000 population),numeric,GLOBAL,Global,World Bank income group,WB_LI,Low-income,Year,2002,false,Sex,Male,SEX_MLE,,,,,,,,,,17.36,,,10.83,,25.59,17.4 [10.8-25.6],,,EN,2025-01-28T03:00:00.000Z
MH_12,Age-standardized suicide rates (per 100 000 population),numeric,GLOBAL,Global,World Bank income group,WB_HI,High-income,Year,2002,false,Sex,Male,SEX_MLE,,,,,,,,,,26.12,,,24.65,,27.28,26.1 [24.7-27.3],,,EN,2025-01-28T03:00:00.000Z
MH_12,Age-standardized suicide rates (per 100 000 population),numeric,GLOBAL,Global,World Bank income group,WB_LI,Low-income,Year,2002,false,Sex,Female,SEX_FMLE,,,,,,,,,,6.25,,,3.43,,9.91,6.2 [3.4-9.9],,,EN,2025-01-28T03:00:00.000Z
MH_12,Age-standardized suicide rates (per 100 000 population),numeric,GLOBAL,Global,World Bank income group,WB_HI,High-income,Year,2002,false,Sex,Female,SEX_FMLE,,,,,,,,,,6.51,,,6.03,,6.97,6.5 [6.0-7.0],,,EN,2025-01-28T03:00:00.000Z
MH_12,Age-standardized suicide rates (per 100 000 population),numeric,GLOBAL,Global,World Bank income group,WB_UMI,Upper-middle-income,Year,2002,false,Sex,Female,SEX_FMLE,,,,,,,,,,9.39,,,5.98,,11.02,9.4 [6.0-11.0],,,EN,2025-01-28T03:00:00.000Z
MH_12,Age-standardized suicide rates (per 100 000 population),numeric,GLOBAL,Global,World Bank income group,WB_LMI,Lower-middle-income,Year,2002,false,Sex,Female,SEX_FMLE,,,,,,,,,,9.52,,,6.55,,11.87,9.5 [6.6-11.9],,,EN,2025-01-28T03:00:00.000Z
MH_12,Age-standardized suicide rates (per 100 000 population),numeric,GLOBAL,Global,World Bank income group,WB_LI,Low-income,Year,2001,false,Sex,Both sexes,SEX_BTSX,,,,,,,,,,11.46,,,6.91,,17.33,11.5 [6.9-17.3],,,EN,2025-01-28T03:00:00.000Z
MH_12,Age-standardized suicide rates (per 100 000 population),numeric,GLOBAL,Global,World Bank income group,WB_LMI,Lower-middle-income,Year,2001,false,Sex,Both sexes,SEX_BTSX,,,,,,,,,,12.2,,,8.86,,15.24,12.2 [8.9-15.2],,,EN,2025-01-28T03:00:00.000Z
MH_12,Age-standardized suicide rates (per 100 000 population),numeric,GLOBAL,Global,World Bank income group,WB_UMI,Upper-middle-income,Year,2001,false,Sex,Both sexes,SEX_BTSX,,,,,,,,,,12.58,,,8.72,,14.56,12.6 [8.7-14.6],,,EN,2025-01-28T03:00:00.000Z
MH_12,Age-standardized suicide rates (per 100 000 population),numeric,GLOBAL,Global,World Bank income group,WB_LMI,Lower-middle-income,Year,2001,false,Sex,Male,SEX_MLE,,,,,,,,,,15.03,,,11.39,,18.8,15.0 [11.4-18.8],,,EN,2025-01-28T03:00:00.000Z
MH_12,Age-standardized suicide rates (per 100 000 population),numeric,GLOBAL,Global,World Bank income group,WB_UMI,Upper-middle-income,Year,2001,false,Sex,Male,SEX_MLE,,,,,,,,,,15.88,,,11.79,,18.28,15.9 [11.8-18.3],,,EN,2025-01-28T03:00:00.000Z
MH_12,Age-standardized suicide rates (per 100 000 population),numeric,GLOBAL,Global,World Bank income group,WB_HI,High-income,Year,2001,false,Sex,Both sexes,SEX_BTSX,,,,,,,,,,16.11,,,15.22,,16.96,16.1 [15.2-17.0],,,EN,2025-01-28T03:00:00.000Z
MH_12,Age-standardized suicide rates (per 100 000 population),numeric,GLOBAL,Global,World Bank income group,WB_LI,Low-income,Year,2001,false,Sex,Male,SEX_MLE,,,,,,,,,,17.48,,,10.89,,25.72,17.5 [10.9-25.7],,,EN,2025-01-28T03:00:00.000Z
MH_12,Age-standardized suicide rates (per 100 000 population),numeric,GLOBAL,Global,World Bank income group,WB_HI,High-income,Year,2001,false,Sex,Male,SEX_MLE,,,,,,,,,,26.26,,,24.83,,27.46,26.3 [24.8-27.5],,,EN,2025-01-28T03:00:00.000Z
MH_12,Age-standardized suicide rates (per 100 000 population),numeric,GLOBAL,Global,World Bank income group,WB_LI,Low-income,Year,2001,false,Sex,Female,SEX_FMLE,,,,,,,,,,6.37,,,3.49,,10.08,6.4 [3.5-10.1],,,EN,2025-01-28T03:00:00.000Z
MH_12,Age-standardized suicide rates (per 100 000 population),numeric,GLOBAL,Global,World Bank income group,WB_HI,High-income,Year,2001,false,Sex,Female,SEX_FMLE,,,,,,,,,,6.38,,,5.93,,6.84,6.4 [5.9-6.8],,,EN,2025-01-28T03:00:00.000Z
MH_12,Age-standardized suicide rates (per 100 000 population),numeric,GLOBAL,Global,World Bank income group,WB_LMI,Lower-middle-income,Year,2001,false,Sex,Female,SEX_FMLE,,,,,,,,,,9.48,,,6.44,,11.9,9.5 [6.4-11.9],,,EN,2025-01-28T03:00:00.000Z
MH_12,Age-standardized suicide rates (per 100 000 population),numeric,GLOBAL,Global,World Bank income group,WB_UMI,Upper-middle-income,Year,2001,false,Sex,Female,SEX_FMLE,,,,,,,,,,9.68,,,5.99,,11.34,9.7 [6.0-11.3],,,EN,2025-01-28T03:00:00.000Z
MH_12,Age-standardized suicide rates (per 100 000 population),numeric,GLOBAL,Global,World Bank income group,WB_UMI,Upper-middle-income,Year,2000,false,Sex,Female,SEX_FMLE,,,,,,,,,,10.12,,,6.24,,11.93,10.1 [6.2-11.9],,,EN,2025-01-28T03:00:00.000Z
MH_12,Age-standardized suicide rates (per 100 000 population),numeric,GLOBAL,Global,World Bank income group,WB_LMI,Lower-middle-income,Year,2000,false,Sex,Female,SEX_FMLE,,,,,,,,,,10.06,,,6.76,,12.58,10.1 [6.8-12.6],,,EN,2025-01-28T03:00:00.000Z
MH_12,Age-standardized suicide rates (per 100 000 population),numeric,GLOBAL,Global,World Bank income group,WB_LI,Low-income,Year,2000,false,Sex,Both sexes,SEX_BTSX,,,,,,,,,,11.61,,,6.96,,17.53,11.6 [7.0-17.5],,,EN,2025-01-28T03:00:00.000Z
MH_12,Age-standardized suicide rates (per 100 000 population),numeric,GLOBAL,Global,World Bank income group,WB_LMI,Lower-middle-income,Year,2000,false,Sex,Both sexes,SEX_BTSX,,,,,,,,,,12.77,,,9.21,,15.97,12.8 [9.2-16.0],,,EN,2025-01-28T03:00:00.000Z
MH_12,Age-standardized suicide rates (per 100 000 population),numeric,GLOBAL,Global,World Bank income group,WB_UMI,Upper-middle-income,Year,2000,false,Sex,Both sexes,SEX_BTSX,,,,,,,,,,12.97,,,8.9,,15.07,13.0 [8.9-15.1],,,EN,2025-01-28T03:00:00.000Z
MH_12,Age-standardized suicide rates (per 100 000 population),numeric,GLOBAL,Global,World Bank income group,WB_LMI,Lower-middle-income,Year,2000,false,Sex,Male,SEX_MLE,,,,,,,,,,15.6,,,11.75,,19.57,15.6 [11.8-19.6],,,EN,2025-01-28T03:00:00.000Z
MH_12,Age-standardized suicide rates (per 100 000 population),numeric,GLOBAL,Global,World Bank income group,WB_UMI,Upper-middle-income,Year,2000,false,Sex,Male,SEX_MLE,,,,,,,,,,16.21,,,11.88,,18.69,16.2 [11.9-18.7],,,EN,2025-01-28T03:00:00.000Z
MH_12,Age-standardized suicide rates (per 100 000 population),numeric,GLOBAL,Global,World Bank income group,WB_HI,High-income,Year,2000,false,Sex,Both sexes,SEX_BTSX,,,,,,,,,,16.44,,,15.51,,17.34,16.4 [15.5-17.3],,,EN,2025-01-28T03:00:00.000Z
MH_12,Age-standardized suicide rates (per 100 000 population),numeric,GLOBAL,Global,World Bank income group,WB_LI,Low-income,Year,2000,false,Sex,Male,SEX_MLE,,,,,,,,,,17.74,,,11.01,,26.06,17.7 [11.0-26.1],,,EN,2025-01-28T03:00:00.000Z
MH_12,Age-standardized suicide rates (per 100 000 population),numeric,GLOBAL,Global,World Bank income group,WB_HI,High-income,Year,2000,false,Sex,Male,SEX_MLE,,,,,,,,,,26.75,,,25.25,,28.02,26.7 [25.3-28.0],,,EN,2025-01-28T03:00:00.000Z
MH_12,Age-standardized suicide rates (per 100 000 population),numeric,GLOBAL,Global,World Bank income group,WB_LI,Low-income,Year,2000,false,Sex,Female,SEX_FMLE,,,,,,,,,,6.42,,,3.48,,10.15,6.4 [3.5-10.2],,,EN,2025-01-28T03:00:00.000Z
MH_12,Age-standardized suicide rates (per 100 000 population),numeric,GLOBAL,Global,World Bank income group,WB_HI,High-income,Year,2000,false,Sex,Female,SEX_FMLE,,,,,,,,,,6.58,,,6.11,,7.06,6.6 [6.1-7.1],,,EN,2025-01-28T03:00:00.000Z
